"Shenzhen Xuhong Clothing Co., Ltd.",https://polotshirt.en.alibaba.com/factory.html,"Guangdong, China",N/A,N/A,"Jacket, Hoody, Polo Shirts, Show Shirt, Breeches",_7h,100.00%,19,50000+,"agile supply chain, minor customization, design-based customization, sample-based customization, full customization","raw-material traceability identification, qa/qc inspectors, testing instruments, on-site material inspection, quality traceability",,400,1420379,3,230000,19,Yes,2,"North America(30%), Eastern Europe(30%), Oceania(20%)",N/A,"Wholesaler, Brand business","sample processing, graphic processing, sample processing, graphic processing, customized on demand",N/A,0
"Hangzhou Tao Import & Export Co., Ltd.",https://taoapparel.en.alibaba.com/factory.html,"Zhejiang, China",4.9,30 reviews,Women Clothing,_8h,96.70%,120,310000+,"minor customization, design-based customization, sample-based customization, full customization, 3d design capabilities","raw-material traceability identification, finished product inspection, qa/qc inspectors, testing instruments, on-site material inspection, quality traceability","grs, european flax",7023,23000000,5,400000,104,Yes,21,"Eastern Europe(40%), Western Europe(40%), North America(10%)",N/A,"Retailer, Engineer, Wholesaler, Brand business","light customization, sample processing, graphic processing, customized on demand, no",3000,8
"Guangzhou Xinlilai Apparel Industry Co., Ltd.",https://gzxinlilai.en.alibaba.com/factory.html,"Guangdong, China",5,2 reviews,Fitness and Yoga Wear/ Swimwear and Beachwear/ Hoodies and Sweatshirts,_7h,100.00%,-,,"agile supply chain, minor customization, design-based customization, sample-based customization, full customization","raw-material traceability identification, finished product inspection, qa/qc inspectors, testing instruments, on-site material inspection, quality traceability",,500,N/A,8,N/A,20,Yes,2,"North America(50%), Western Europe(20%), Southeast Asia(7%)",N/A,"Retailer, Engineer, Wholesaler, Brand business, For private use, Manufacturer","light customization, sample processing, graphic processing, customized on demand, light customization, sample processing, customized on demand, graphic processing",200,2
"Jiangyin Yoyoung Apparel Co., Ltd.",https://yoyoung-apparel.en.alibaba.com/factory.html,"Jiangsu, China",5,4 reviews,Sports Clothing/Yoga Wear,_3h,96.70%,72,420000+,"minor customization, design-based customization, sample-based customization, full customization, one-stop procurement","raw-material traceability identification, finished product inspection, qa/qc inspectors, testing instruments, on-site material inspection, quality traceability",,4850,3298038,1,N/A,120,Yes,6,"North America(60%), Western Europe(25%), Northern Europe(6%)",N/A,"Retailer, Wholesaler, Brand business, For private use","light customization, sample processing, graphic processing, customized on demand, light customization, sample processing, graphic processing, customized on demand",3000,8
"Dongguan Yucai Apparel Co., Ltd.",https://rainbowcloset.en.alibaba.com/factory.html,N/A,N/A,N/A,,N/A,N/A,N/A,N/A,problem,problem,problem,N/A,N/A,N/A,N/A,N/A,N/A,N/A,N/A,N/A,N/A,N/A,N/A,N/A
"Yiwu Maxine Trading Co., Ltd.",https://cnmaxine.en.alibaba.com/factory.html,"Zhejiang, China",5,24 reviews,Boy's And Girl's Clothing,_4h,100.00%,-,,"agile supply chain, minor customization, design-based customization, sample-based customization, full customization","raw-material traceability identification, finished product inspection, qa/qc inspectors, on-site material inspection, quality traceability",cpc,1800,N/A,N/A,N/A,N/A,Yes,1,"North America(60%), Western Europe(30%), South America(10%)",N/A,"Retailer, Wholesaler, Brand business, For private use, Manufacturer","sample processing, graphic processing, customized on demand",1000,1
"Dongguan AOGU Sportswear Co., Ltd.",https://aogusportswear.en.alibaba.com/factory.html,"Guangdong, China",4.8,58 reviews,Yoga Wear/ Training Jogger Wear/ Sportswear/ Fitness Wear/ Street Wear,_5h,100.00%,232,140000+,"minor customization, design-based customization, sample-based customization, full customization, one-stop procurement","raw-material traceability identification, finished product inspection, qa/qc inspectors, testing instruments, on-site material inspection, quality traceability",bsci,5000,N/A,N/A,N/A,N/A,Yes,4,"North America(30%), Western Europe(20%), Oceania(10%)",N/A,N/A,"light customization, sample processing, graphic processing, customized on demand",1800,16
"Jiangxi Lotte Garments Co., Ltd.",https://lottegarment.en.alibaba.com/factory.html,"Jiangxi, China",3.2,4 reviews,"T-Shirts, Hoodies & Sweatshirts, Pants & Trousers, Polo Shirts, Jacket",_8h,100.00%,26,30000+,"agile supply chain, design-based customization, sample-based customization, full customization","raw-material traceability identification, finished product inspection, qa/qc inspectors, on-site material inspection, quality traceability","bsci, gots, grs",3000,1761064,2,N/A,121,Yes,3,"North America(48%), Oceania(15%), Domestic Market(12%)",N/A,"Retailer, Wholesaler, Manufacturer","sample processing, graphic processing, customized on demand",300,4
"Xiamen La Dolce Vita Imp. & Exp. Co., Ltd.",https://xmdw.en.alibaba.com/factory.html,"Fujian, China",4.7,24 reviews,"Gym Wear, Sports Wear, Active Wear, Fitness Wear, Yoga Wear",_2h,97.20%,115,800000+,"minor customization, design-based customization, sample-based customization, full customization, one-stop procurement","raw-material traceability identification, finished product inspection, qa/qc inspectors, testing instruments, on-site material inspection, quality traceability",oeko-tex standard 100,3479,18134891,4,N/A,59,Yes,6,"North America(52%), Oceania(20%), Western Europe(10%)",N/A,"Retailer, Wholesaler, Brand business","sample processing, graphic processing, light customization, customized on demand, light customization, sample processing, graphic processing, customized on demand",1500,9
"Guangzhou Ingor Sportswear Co., Ltd.",https://hingto.en.alibaba.com/factory.html,"Guangdong, China",5,11 reviews,Active Wear/Fitness Wear/Gym Wear/Yoga Wear,_6h,87.70%,117,320000+,"agile supply chain, minor customization, design-based customization, sample-based customization, full customization","raw-material traceability identification, finished product inspection, qa/qc inspectors, testing instruments, on-site material inspection, quality traceability","gcc, oeko-tex standard 100",4223,5000000,N/A,1600000,70,Yes,10,"North America(35%), Oceania(25%), Western Europe(20%)",N/A,"Retailer, Engineer, Wholesaler, Brand business, For private use, Manufacturer","light customization, sample processing, graphic processing, customized on demand, sample processing, graphic processing, customized on demand",3000,20
"Guangzhou Tewsn Sports Co., Ltd.",https://cycling.en.alibaba.com/factory.html,"Guangdong, China",5,48 reviews,"Cycling Jerseys, Cycling Bib Shorts, Triathlon Suit, Cycling Jackets,",_5h,94.80%,-,,agile supply chain,"raw-material traceability identification, qa/qc inspectors, testing instruments, on-site material inspection, quality traceability",,2000,N/A,1,650000,70,Yes,5,"Western Europe(22%), North America(18%), South America(18%)",N/A,"Retailer, Engineer, Wholesaler, Brand business, For private use, Manufacturer",no,180,5
"Yiwu Xinruoxin Clothing Co., Ltd.",https://kikohya01.en.alibaba.com/factory.html,"Zhejiang, China",4.8,64 reviews,"Yoga Clothes, Sportswear, Casual Wear, Underwear, Sport Accessories",_2h,100.00%,304,260000+,"agile supply chain, minor customization, design-based customization, sample-based customization, full customization, one-stop procurement","raw-material traceability identification, finished product inspection, qa/qc inspectors, on-site material inspection, quality traceability",oeko-tex standard 100,8000,1000000,2,340000,85,Yes,8,"North America(41%), Western Europe(22%), Northern Europe(15%)",N/A,"Retailer, Engineer, Wholesaler, Brand business","light customization, customized on demand, sample processing, graphic processing",500,7
"Kaiping Lianwang Garment Co., Ltd.",https://lianwanggarment.en.alibaba.com/factory.html,"Guangdong, China",4.9,56 reviews,"Denim Wear, Sportswear, Children Wear",_2h,96.60%,212,350000+,"minor customization, design-based customization, sample-based customization, full customization","raw-material traceability identification, finished product inspection, qa/qc inspectors, testing instruments, on-site material inspection, quality traceability, warranty available",cpc,5330,1499286,6,N/A,151,Yes,5,"North America(50%), Oceania(30%), Western Europe(20%)",N/A,"Retailer, Engineer, Wholesaler, Brand business, For private use, Manufacturer","sample processing, graphic processing, customized on demand",90,3
"Shandong Saier Garment Technology Co., Ltd.",https://saierfuzhuang.en.alibaba.com/factory.html,"Shandong, China",4.7,194 reviews,Women's Wear,_4h,99.30%,1229,870000+,"agile supply chain, minor customization, design-based customization, sample-based customization, full customization, one-stop procurement, 3d design capabilities","raw-material traceability identification, finished product inspection, qa/qc inspectors, testing instruments, on-site material inspection, quality traceability, warranty available","bsci, ce, oeko-tex standard 100",6900,N/A,4,N/A,90,Yes,4,"Oceania(30%), North America(25%), Western Europe(18%)",N/A,"Retailer, Engineer, Wholesaler, Brand business, For private use, Manufacturer","sample processing, graphic processing, customized on demand",1000,4
"Shijiazhuang Aofeite Imp & Exp Co., Ltd.",https://aofit.en.alibaba.com/factory.html,"Hebei, China",4.6,122 reviews,"Knee Brace, Lumbar Support Belt",_4h,96.40%,481,1000000+,"agile supply chain, minor customization, design-based customization, sample-based customization, full customization","raw-material traceability identification, finished product inspection, qa/qc inspectors, on-site material inspection, quality traceability",,7219,19173512,2,N/A,96,Yes,5,"North America(22%), Western Europe(20%), Eastern Europe(13%)",N/A,"Retailer, Engineer, Wholesaler, For private use, Brand business, Manufacturer","light customization, sample processing, graphic processing, customized on demand, light customization, sample processing, graphic processing, customized on demand",120,4
Shenzhen Ai-Mich Science And Technology Limited,https://ai-mich.en.alibaba.com/factory.html,"Guangdong, China",4.8,26 reviews,"Apparel, Caps, Gift Set and Business Set/Metal Pin and Medal/Lanyard/N",_3h,98.30%,263,500000+,"agile supply chain, minor customization, design-based customization, sample-based customization, full customization, one-stop procurement, 3d design capabilities","raw-material traceability identification, finished product inspection, qa/qc inspectors, testing instruments, on-site material inspection, quality traceability",,1462,6302184,1,N/A,4,N/A,2,"Mid East(42%), North America(36%), Eastern Europe(16%)",N/A,"Retailer, Engineer, Wholesaler, Brand business, For private use, Manufacturer","light customization, sample processing, graphic processing, customized on demand, light customization, sample processing, graphic processing, customized on demand",2000,1
"Guangzhou Chufeng Fabric Co., Ltd.",https://gztshirt.en.alibaba.com/factory.html,"Guangdong, China",3.6,1 reviews,"Political Election Campaign Items, Election T-Shirt, Campaign T-Shirt,",_7h,100.00%,86,150000+,"agile supply chain, minor customization, design-based customization, sample-based customization, full customization","raw-material traceability identification, finished product inspection, qa/qc inspectors, testing instruments, on-site material inspection, quality traceability",,5888,N/A,N/A,33000000,9,Yes,1,"Africa(50%), Northern Europe(7%), Eastern Asia(6%)",N/A,"Retailer, Wholesaler, For private use, Manufacturer","sample processing, graphic processing, customized on demand",N/A,1
"Guangdong Mly Garment Co., Ltd.",https://gzmly.en.alibaba.com/factory.html,"Guangdong, China",4.9,92 reviews,"Yoga Wear, Beach Short, Swimwear",_4h,100.00%,263,1400000+,"agile supply chain, minor customization, design-based customization, sample-based customization, full customization, one-stop procurement","raw-material traceability identification, finished product inspection, qa/qc inspectors, on-site material inspection, quality traceability",oeko-tex standard 100,3600,12000000,7,1540000,180,Yes,3,"North America(75%), Western Europe(6%), Oceania(5%)",N/A,"Retailer, Engineer, Wholesaler, Brand business, For private use, Manufacturer","light customization, sample processing, graphic processing, customized on demand",3000,12
"Xiamen Arabella Industry & Trade Co., Ltd.",https://arabellaclothing.en.alibaba.com/factory.html,"Fujian, China",5,2 reviews,"Yoga Wear, Fitness Wear and Gym Wear, Sports Wear, Running Wear, Cycli",_7h,100.00%,23,290000+,"design-based customization, sample-based customization, full customization","raw-material traceability identification, finished product inspection, qa/qc inspectors, testing instruments, on-site material inspection, quality traceability","bsci, grs",4728,0,6,2450000,150,Yes,14,"North America(39%), Oceania(23%), Western Europe(17%)",N/A,"Retailer, Engineer, Wholesaler, Brand business, For private use, Manufacturer","sample processing, graphic processing, customized on demand",1000,7
"Hangzhou Tapo E-Commerce Co., Ltd.",https://hztob.en.alibaba.com/factory.html,"Zhejiang, China",4.6,43 reviews,Women Clothes,_8h,98.10%,240,70000+,"minor customization, design-based customization, sample-based customization, full customization","raw-material traceability identification, finished product inspection, qa/qc inspectors, testing instruments, on-site material inspection, quality traceability",,6500,N/A,1,N/A,99,Yes,6,"Domestic Market(30%), North America(28%), Mid East(10%)",N/A,"Retailer, Engineer, Wholesaler, Brand business, For private use, Manufacturer","light customization, sample processing, graphic processing, customized on demand, no",N/A,5
"Guangzhou Lofun Clothing Co., Ltd.",https://lofun.en.alibaba.com/factory.html,"Guangdong, China",4.5,10 reviews,"Polo Shirt, T Shirt, Hoodie, Cap",_3h,96.60%,44,50000+,"design-based customization, sample-based customization, full customization","raw-material traceability identification, finished product inspection, qa/qc inspectors, on-site material inspection, quality traceability, warranty available",,1222,6000000,3,5500000,55,Yes,5,"North America(30%), Western Europe(15%), Africa(12%)",N/A,"Wholesaler, Manufacturer","sample processing, graphic processing, customized on demand, sample processing, graphic processing, customized on demand",240,6
"Guangzhou Normzl Garment Co., Ltd.",https://normzlwear.en.alibaba.com/factory.html,"Guangdong, China",4.9,9 reviews,"Cheerleading Wear, Baseball Jersey, Majorette Dance Wear, Gymnastic We",_3h,99.60%,327,370000+,"agile supply chain, minor customization, design-based customization, sample-based customization, full customization","raw-material traceability identification, finished product inspection, qa/qc inspectors, on-site material inspection, quality traceability",,1640,2095288,N/A,N/A,N/A,Yes,2,"North America(50%), Domestic Market(30%), Oceania(12%)",N/A,"Retailer, Wholesaler, Brand business","sample processing, graphic processing, customized on demand, sample processing, graphic processing, customized on demand",510,8
"Zhejiang Serand Mido Import & Export Co., Ltd.",https://serand-mido.en.alibaba.com/factory.html,"Zhejiang, China",4.4,124 reviews,"Men's T-shirts, Men's Hoodies, Polo Shirts, Tracksuits, Yoga Wear",_4h,99.10%,589,410000+,"minor customization, design-based customization, sample-based customization, full customization","raw-material traceability identification, finished product inspection, qa/qc inspectors, on-site material inspection, quality traceability","grs, gots",1665,8000000,1,N/A,29,Yes,4,"North America(60%), Domestic Market(20%), Oceania(10%)",N/A,"Retailer, Engineer, Wholesaler, Brand business, For private use, Manufacturer","sample processing, graphic processing, light customization, customized on demand",100,3
"Xiamen Aimeee Garment Co., Ltd.",https://xmyayun.en.alibaba.com/factory.html,"Fujian, China",4.8,42 reviews,"Yoga Wear, Gym Wear, Sports Bra, Leggings, Swimwear",_4h,100.00%,245,170000+,"agile supply chain, minor customization, design-based customization, sample-based customization, full customization, one-stop procurement","raw-material traceability identification, finished product inspection, qa/qc inspectors, on-site material inspection, quality traceability",rohs,512,N/A,N/A,N/A,N/A,Yes,3,"North America(50%), Western Europe(25%), South America(15%)",N/A,"Retailer, Wholesaler, Brand business, Manufacturer","light customization, sample processing, graphic processing, customized on demand, sample processing, graphic processing, customized on demand",N/A,2
"Foshan Bestex Textile Co., Ltd.",https://bestexltd.en.alibaba.com/factory.html,"Guangdong, China",4.5,27 reviews,"Scrubs Uniforms, Jacket, Jumpsuits, Leggings, T-shirts",_5h,90.40%,-,,"agile supply chain, minor customization, design-based customization, sample-based customization, full customization","raw-material traceability identification, finished product inspection, qa/qc inspectors, testing instruments, on-site material inspection, quality traceability","iso 9001, iso14001, oeko-tex standard 100",4500,N/A,N/A,260000,N/A,Yes,1,"North America(73%), Mid East(18%), Eastern Asia(3%)",N/A,"Retailer, Wholesaler, Brand business, For private use","light customization, sample processing, graphic processing, customized on demand",N/A,2
"Guangzhou Healong Sportswear Co., Ltd.",https://healongsport.en.alibaba.com/factory.html,"Guangdong, China",4.8,53 reviews,"Baseball Jersey, Soccer Jersey, Basketball Jersey, Men Polo Shirts, Am",_3h,98.40%,539,840000+,"agile supply chain, minor customization, design-based customization, sample-based customization, full customization, 3d design capabilities","raw-material traceability identification, finished product inspection, qa/qc inspectors, testing instruments, on-site material inspection, quality traceability","sedex, grs",15000,10000000,28,N/A,36,Yes,25,"North America(25%), Oceania(15%), Eastern Europe(10%)",N/A,"Retailer, Engineer, Wholesaler, Brand business, For private use, Manufacturer","sample processing, graphic processing, customized on demand",2000,36
"Vosea Apparel Co., Ltd.",https://vosea.en.alibaba.com/factory.html,"Fujian, China",4.8,43 reviews,Baseball Jersey/Basketball Jersey/Hockey Jersey/Football Jersey/Soccer,_3h,98.70%,388,280000+,"minor customization, design-based customization, sample-based customization, full customization","raw-material traceability identification, finished product inspection, qa/qc inspectors, testing instruments, on-site material inspection, quality traceability",,2304,2144617,2,N/A,131,Yes,3,"North America(60%), Western Europe(30%), Northern Europe(10%)",N/A,N/A,"light customization, sample processing, graphic processing, customized on demand, light customization, sample processing, graphic processing, customized on demand",500,2
"Dongguan Aika Apparel Co., Ltd.",https://aikasportswear.en.alibaba.com/factory.html,"Guangdong, China",4.9,20 reviews,Custom Causal Wear/Custom Gym Wear/Custom Sports Wear/Custom  Training,_3h,98.30%,175,260000+,"agile supply chain, minor customization, design-based customization, sample-based customization, full customization, centralized procurement available","raw-material traceability identification, finished product inspection, qa/qc inspectors, testing instruments, on-site material inspection, quality traceability",,1000,N/A,5,N/A,75,Yes,8,"Western Europe(28%), North America(27%), Eastern Europe(22%)",N/A,"Wholesaler, Brand business, For private use","light customization, sample processing, graphic processing, customized on demand, sample processing",200,8
"Xiangshan Zheyu Clothing Co., Ltd.",https://zheyuclothing.en.alibaba.com/factory.html,"Zhejiang, China",5,2 reviews,"T Shirt, Polo Shirt, Hoodie, Tank Top, Sport Wear",_3h,95.20%,34,130000+,"agile supply chain, minor customization, design-based customization, sample-based customization, full customization","raw-material traceability identification, qa/qc inspectors, on-site material inspection, quality traceability",grs,1168,700000,2,N/A,33,Yes,2,"North America(30%), Africa(13%), South America(10%)",N/A,"Retailer, Engineer, Wholesaler, Brand business, For private use, Manufacturer","sample processing, graphic processing, customized on demand, sample processing, graphic processing, customized on demand",30,2
JAGUAR STRIPE,https://jaguarstripe.trustpass.alibaba.com/factory.html,N/A,N/A,N/A,,N/A,N/A,N/A,N/A,problem,problem,problem,N/A,N/A,N/A,N/A,N/A,N/A,N/A,N/A,N/A,N/A,N/A,N/A,N/A
"Yiwu Rand Garment Co., Ltd.",https://kapu-craft.en.alibaba.com/factory.html,"Zhejiang, China",4.1,10 reviews,"Baby Girl Romper, Baby Clothing Set, Baby Girl Dress, Baby Girl Clothe",_4h,83.30%,-,,minor customization,"raw-material traceability identification, qa/qc inspectors, on-site material inspection, quality traceability",,2248,N/A,N/A,1350500,81,Yes,3,"North America(66%), Central America(18%), South America(8%)",N/A,N/A,N/A,1920,7
"Dongguan Yinuoda Apparel Co., Ltd.",https://nwapparel.en.alibaba.com/factory.html,"Guangdong, China",4.7,17 reviews,Pajamas,_4h,89.60%,185,210000+,"minor customization, design-based customization, sample-based customization, full customization","raw-material traceability identification, finished product inspection, qa/qc inspectors, testing instruments, on-site material inspection, quality traceability",,1800,N/A,N/A,N/A,N/A,Yes,1,"North America(30%), Oceania(20%), Western Europe(20%)",N/A,"Retailer, Wholesaler, Brand business, For private use","sample processing, graphic processing, customized on demand, sample processing, graphic processing, customized on demand",1000,2
"Zhangjiagang Sewingman Caps & Apparel Co., Ltd.",https://sewingman.en.alibaba.com/factory.html,"Jiangsu, China",4.7,45 reviews,Cap/Scarf/Gloves,_3h,98.50%,288,260000+,"agile supply chain, minor customization, design-based customization, sample-based customization, full customization","raw-material traceability identification, finished product inspection, qa/qc inspectors, on-site material inspection, quality traceability",oeko-tex standard 100,3422,N/A,4,N/A,49,Yes,5,"Northern Europe(25%), North America(15%), Western Europe(15%)",N/A,"Retailer, Wholesaler, Brand business","light customization, sample processing, graphic processing, customized on demand, sample processing, customized on demand, graphic processing",1000,4
"Wenzhou Yousheng Packaging Co., Ltd",https://wzyoushengpacking.en.alibaba.com/factory.html,"Zhejiang, China",5,1 reviews,"Kraft Paper Box, Cardboard Paper Box, Kraft Paper Bag, Cardboard Paper",_8h,92.90%,-,,"agile supply chain, minor customization, design-based customization, sample-based customization, full customization","raw-material traceability identification, finished product inspection, qa/qc inspectors, on-site material inspection, quality traceability",,3000,N/A,2,3920000,16,Yes,2,"North America(30%), Southeast Asia(15%), Oceania(15%)",N/A,N/A,"sample processing, customized on demand, graphic processing",15,2
MOEED APPAREL CO,https://moeedapparel.trustpass.alibaba.com/factory.html,"Punjab, Pakistan View exact location",N/A,N/A,"Street Wear, Fitness Clothing, Sports Apparel, Utility Gear, Leather J",_1h,N/A,N/A,N/A,"minor customization, design-based customization, sample-based customization","raw-material traceability identification, finished product inspection, qa/qc inspectors, testing instruments, quality traceability",,3500,2000000,5,250000,124,Yes,17,"North America(90%), Oceania(5%), Western Europe(5%)",N/A,"Retailer, Wholesaler, Brand business","light customization, sample processing, graphic processing",N/A,0
"Shijiazhuang Taige Import & Export Trading Co., Ltd.",https://cntaige.en.alibaba.com/factory.html,"Hebei, China",4.8,80 reviews,"T Shirt; Hoodies; Tank Top, Beanie Hat; Baseball Cap",_3h,100.00%,471,260000+,"agile supply chain, minor customization, design-based customization, sample-based customization, full customization","raw-material traceability identification, finished product inspection, qa/qc inspectors, on-site material inspection, quality traceability",,2237,2100000,4,N/A,N/A,Yes,3,"North America(66%), Oceania(15%), Western Europe(10%)",N/A,"Retailer, Engineer, Wholesaler, Brand business, For private use, Manufacturer","sample processing, graphic processing, customized on demand, sample processing, graphic processing, customized on demand",300,2
SHAMAS APPAREL CO,https://shamasapparelco.trustpass.alibaba.com/factory.html,"Punjab, Pakistan",N/A,N/A,"Street Wear, Fitness Clothing , Sports Apparel, Utility Wear  , Leathe",_1h,N/A,N/A,N/A,"minor customization, design-based customization, sample-based customization, full customization, centralized procurement available","raw-material traceability identification, finished product inspection, qa/qc inspectors, testing instruments, quality traceability",,3500,4000000,5,600000,257,Yes,42,"North America(90%), Oceania(5%), Western Europe(5%)",N/A,"Retailer, Wholesaler, Brand business","light customization, sample processing",N/A,N/A
"Dongguan Zhuoyi Apparel Co., Ltd.",https://dglishan.en.alibaba.com/factory.html,"Guangdong, China",4.7,13 reviews,Men Clothing/ Women Clothing/ Kids Clothing/ Sportswear&Yoga Wear/ Swi,_4h,91.60%,219,330000+,"agile supply chain, minor customization, design-based customization, sample-based customization, full customization, one-stop procurement","raw-material traceability identification, finished product inspection, qa/qc inspectors, on-site material inspection, quality traceability",,800,N/A,1,N/A,52,Yes,1,"North America(30%), Western Europe(20%), Oceania(10%)",N/A,"Retailer, Wholesaler, Brand business, For private use, Manufacturer","light customization, customized on demand, sample processing, graphic processing",500,1
"Fuzhou Jicai Clothing Co., Ltd.",https://zhouzuowei.en.alibaba.com/factory.html,"Fujian, China",4.7,251 reviews,"T-shit, Hoodie, One-piece Dress, Jackets, Pants",_2h,100.00%,-,,"agile supply chain, minor customization, design-based customization, sample-based customization, full customization","finished product inspection, qa/qc inspectors","reach, rohs, ce",857,N/A,1,1080000,20,N/A,1,"Domestic Market(75%), North America(16%), Western Europe(5%)",N/A,"Retailer, Brand business","light customization, sample processing, graphic processing, customized on demand, no",1300,0
"Dongguan Jiehuan Electronic Technology Co., Ltd.",https://dgjiahuan.en.alibaba.com/factory.html,"Guangdong, China",5,15 reviews,"Hook And Loop Tape, Hook And Loop Cable Tie, Adhesive Hook Loop Dots",_3h,93.90%,62,90000+,"agile supply chain, minor customization, design-based customization, sample-based customization, full customization","raw-material traceability identification, finished product inspection, qa/qc inspectors, testing instruments, on-site material inspection, quality traceability, warranty available",,4100,N/A,4,N/A,35,Yes,3,"Domestic Market(29%), Southeast Asia(23%), North America(20%)",N/A,"Retailer, Engineer, Wholesaler, Brand business, For private use, Manufacturer","light customization, customized on demand, sample processing, graphic processing",3000,2
Guangzhou Baiyun District Xinyueyi Clothing Factory,https://xinyueyi.en.alibaba.com/factory.html,"Guangdong, China",4.3,133 reviews,T-Shirts/Hoodies & Sweatshirts/Sweatpants & Joggers/Jackets/Training&J,_6h,97.10%,515,210000+,"agile supply chain, minor customization, design-based customization, sample-based customization, full customization","raw-material traceability identification, finished product inspection, qa/qc inspectors, on-site material inspection, quality traceability, warranty available",,610,N/A,3,300000,20,Yes,1,"North America(50%), Western Europe(30%), Oceania(10%)",N/A,"Retailer, Wholesaler, Brand business, For private use","sample processing, light customization, graphic processing, customized on demand, sample processing, graphic processing, customized on demand",80,2
"Shenzhen Fly Technology Co., Ltd.",https://angelfly02.en.alibaba.com/factory.html,"Guangdong, China",4.9,52 reviews,"Jackets, Hoodies, Coat, Sport Set, Pants",_4h,98.80%,-,,"minor customization, design-based customization, sample-based customization, full customization","raw-material traceability identification, finished product inspection, qa/qc inspectors, testing instruments, on-site material inspection, quality traceability",,1000,N/A,1,N/A,6,Yes,1,"North America(50%), Oceania(20%), Western Europe(10%)",N/A,"Retailer, Wholesaler, Brand business, For private use, Manufacturer","light customization, sample processing, graphic processing, customized on demand",100,2
MANGOES FASHION,https://mangoesfashion.trustpass.alibaba.com/factory.html,"Punjab, Pakistan",N/A,N/A,"Sports wear, Casual wear, Work wear, Jackets",_3h,N/A,N/A,N/A,"design-based customization, sample-based customization","raw-material traceability identification, finished product inspection, qa/qc inspectors, testing instruments, quality traceability",,636,700000,4,120000,60,Yes,11,"North America(80%), Northern Europe(20%)",N/A,"Retailer, Wholesaler, Brand business","sample processing, graphic processing",20000,N/A
"Dongguan Box Packaging Products Co., Ltd.",https://dgbox.en.alibaba.com/factory.html,"Guangdong, China",4.7,18 reviews,Gift Box/Paper Box/Packaging Box/Jewelry Packaging Box/Paper Bag,_3h,98.10%,236,240000+,"agile supply chain, minor customization, design-based customization, sample-based customization, full customization","raw-material traceability identification, finished product inspection, qa/qc inspectors, on-site material inspection, quality traceability","fsc, bsci, fsc",3800,N/A,5,N/A,18,Yes,2,"North America(90%), Domestic Market(10%)",N/A,"Retailer, Wholesaler, Brand business, Manufacturer","light customization, sample processing, customized on demand, graphic processing, sample processing, graphic processing, customized on demand, light customization",1200,3
"Dongguan Orshang Automation Equipment Technology Co., Ltd.",https://label-machine.en.alibaba.com/factory.html,"Guangdong, China",5,17 reviews,Filling Machine/Labeling Machine/Packing Machine/Capping Machine/Assem,_3h,98.30%,115,260000+,"minor customization, design-based customization, sample-based customization, full customization","raw-material traceability identification, finished product inspection, qa/qc inspectors, on-site material inspection, quality traceability, warranty available","international service centers, international showrooms, ce",10000,N/A,N/A,N/A,91,Yes,5,"North America(40%), Domestic Market(15%), Eastern Europe(10%)",N/A,"Retailer, Engineer, Wholesaler, Brand business, For private use, Manufacturer","light customization, sample processing, graphic processing, customized on demand",5,9
"Suzhou Zoetic Outdoor Technology Co., Ltd.",https://zoetictex.en.alibaba.com/factory.html,"Jiangsu, China",4.3,189 reviews,"Working Gloves, Uniforms , T-shirts, Hoodies, Sports Shorts",_5h,97.90%,809,250000+,"minor customization, design-based customization, sample-based customization, full customization","raw-material traceability identification, qa/qc inspectors, testing instruments, on-site material inspection, quality traceability",,300,N/A,1,N/A,9,Yes,1,"North America(40%), South America(10%), Africa(10%)",N/A,"Retailer, Wholesaler, Brand business, For private use, Manufacturer","sample processing, graphic processing, customized on demand",300,2
"Xingguo Xinrong Garments Co., Ltd.",https://muslimdress.en.alibaba.com/factory.html,"Jiangxi, China",4.8,73 reviews,"Muslim Abaya, Muslim Dresses, Muslim Jilbab, Muslim Hijab, Muslim Spor",_3h,98.00%,-,,"agile supply chain, minor customization, design-based customization, sample-based customization, full customization","raw-material traceability identification, finished product inspection, qa/qc inspectors, on-site material inspection, quality traceability",,11132,N/A,9,N/A,583,Yes,20,"North America(30%), Mid East(30%), Domestic Market(20%)",N/A,"Retailer, Engineer, Wholesaler, Brand business, For private use, Manufacturer","sample processing, graphic processing, customized on demand, sample processing, graphic processing, customized on demand",5000,12
"Fujian Nanping Yierying Garments Co., Ltd.",https://yierying.en.alibaba.com/factory.html,"Fujian, China",5,6 reviews,"Baby Clothes, Baby Rompers, Baby Skirts, Baby Suits, Children's Clothi",_7h,100.00%,66,90000+,"minor customization, design-based customization, sample-based customization, full customization","raw-material traceability identification, finished product inspection, qa/qc inspectors, testing instruments, on-site material inspection, quality traceability",,5441,1123119,3,N/A,84,Yes,3,"Domestic Market(53%), North America(20%), Southeast Asia(20%)",N/A,N/A,"light customization, sample processing, graphic processing, customized on demand",1600,19
"Anhui Zhengyue Maternal And Child Products Co., Ltd.",https://michley360.en.alibaba.com/factory.html,"Anhui, China",4.7,27 reviews,"Baby Rompers, Baby Bodysuits, Kids Towels, Kids Sleeping Bag",_6h,90.90%,108,50000+,"minor customization, design-based customization, sample-based customization, full customization","raw-material traceability identification, finished product inspection, qa/qc inspectors, on-site material inspection, quality traceability, warranty available",ce,13339,N/A,1,N/A,60,Yes,5,"North America(35%), Western Europe(27%), South America(8%)",N/A,"Retailer, Wholesaler, Brand business, For private use, Manufacturer","sample processing, graphic processing, customized on demand, sample processing, graphic processing, customized on demand",140,4
"Guangzhou Runde Garment Co., Ltd.",https://gzrund.en.alibaba.com/factory.html,"Guangdong, China",4.4,8 reviews,"Abaya, Muslim Dress, Pants, Skirt, Tops",_3h,100.00%,172,230000+,"design-based customization, sample-based customization, full customization","raw-material traceability identification, finished product inspection, qa/qc inspectors, on-site material inspection, quality traceability",,1500,N/A,3,300000,40,Yes,6,"North America(35%), South America(10%), Southeast Asia(10%)",N/A,N/A,"customized on demand, graphic processing, sample processing",600,5
"Wuyi Ouxin Packaging Machinery Co., Ltd.",https://ouxinpacking.en.alibaba.com/factory.html,"Zhejiang, China",5,6 reviews,Vacuum Packing Machine; Filling Machine; Can Sealing Machine/ Carton S,_5h,93.80%,28,10000+,"minor customization, design-based customization, sample-based customization, full customization","raw-material traceability identification, finished product inspection, qa/qc inspectors, on-site material inspection, quality traceability",2006/42/ec,2800,N/A,N/A,N/A,N/A,Yes,1,"Domestic Market(50%), North America(30%), Africa(10%)",N/A,"Retailer, Engineer, Wholesaler, Brand business","light customization, sample processing, graphic processing, customized on demand, sample processing, graphic processing, customized on demand",5,2
